Exam_Score,Attendance_%,Assignment_Submission_Rate_%,Study_Hours_Per_Day,Previous_CGPA,Extracurricular_Activities,Performance_Tier
70,76,78,2.9,6.55,Yes,Average
83,99,97,5.8,8.17,Yes,Fast
75,80,90,2.2,7.24,No,Average
72,70,70,4.7,7.98,No,Average
50,50,44,3.4,6.21,Yes,Slow
32,53,50,2.7,4.64,No,Slow
41,63,54,1.5,6.37,No,Slow
84,93,89,4.1,8.06,Yes,Fast
65,70,66,3.8,6.89,Yes,Average
56,86,70,3.9,6.5,Yes,Average
31,60,51,0.9,6.12,Yes,Slow
86,100,97,5.6,9.37,Yes,Fast
93,92,95,4.4,8.65,No,Fast
33,71,49,1.3,5.36,No,Slow
51,61,69,0.6,6.19,Yes,Slow
57,53,70,1.2,5.4,No,Slow
55,71,67,2.2,8.0,Yes,Average
81,72,84,2.4,6.99,Yes,Average
64,88,75,3.5,6.45,Yes,Average
63,78,85,4.0,6.69,Yes,Average
74,85,82,5.1,6.35,No,Average
56,41,32,1.5,4.91,Yes,Slow
62,77,65,3.8,6.07,No,Average
68,85,68,2.5,7.76,Yes,Average
55,78,78,4.8,6.7,Yes,Average
78,91,98,4.5,9.09,No,Fast
32,70,56,2.5,5.72,No,Slow
82,89,69,5.1,8.14,No,Average
66,89,70,5.2,7.56,No,Average
63,41,38,3.0,4.89,No,Slow
82,81,90,3.2,6.54,No,Average
47,72,63,1.2,4.87,No,Slow
40,62,51,2.4,5.85,No,Slow
76,95,88,6.5,9.35,Yes,Fast
83,92,99,4.0,7.94,No,Fast
77,85,91,7.3,7.69,No,Fast
75,84,85,3.1,6.07,Yes,Average
64,53,46,3.2,5.92,Yes,Slow
81,84,65,2.9,7.92,No,Average
75,71,70,3.6,6.5,No,Average
54,74,43,1.7,5.2,No,Slow
79,83,87,5.2,6.28,Yes,Average
36,42,38,2.8,6.1,No,Slow
93,93,91,5.2,8.83,No,Fast
62,83,85,2.8,7.19,Yes,Average
68,78,88,2.0,6.62,No,Average
58,72,78,2.8,7.64,Yes,Average
78,77,78,5.1,6.75,Yes,Average
66,85,81,2.8,6.63,No,Average
32,60,34,2.1,4.63,No,Slow
77,89,97,4.4,7.58,No,Fast
89,92,92,7.8,8.79,Yes,Fast
93,90,99,5.7,7.84,No,Fast
94,97,89,4.7,9.08,No,Fast
58,88,71,2.8,6.29,Yes,Average
76,97,96,7.9,9.88,Yes,Fast
54,40,67,1.3,4.18,Yes,Slow
30,51,56,2.3,4.35,No,Slow
49,74,64,1.1,5.12,Yes,Slow
84,82,81,3.9,6.02,No,Average
75,89,90,2.4,7.02,No,Average
59,79,73,3.0,6.87,Yes,Average
97,85,87,4.5,9.7,No,Fast
67,82,78,4.4,8.18,No,Average
62,82,76,3.4,7.61,No,Average
80,90,80,2.9,6.65,No,Average
59,44,56,0.5,4.01,Yes,Slow
76,91,88,4.2,9.22,No,Fast
57,72,47,1.9,4.23,No,Slow
83,85,94,4.3,8.3,No,Fast
85,99,94,6.6,8.4,Yes,Fast
57,53,38,2.4,5.53,Yes,Slow
32,45,31,0.9,5.32,No,Slow
77,92,93,7.3,8.56,Yes,Fast
71,82,69,3.4,6.27,Yes,Average
58,75,86,5.0,7.87,No,Average
86,91,90,6.2,9.47,No,Fast
52,42,44,1.9,5.9,No,Slow
82,85,89,2.0,6.06,No,Average
30,73,66,1.0,5.61,No,Slow
77,88,94,5.4,9.11,Yes,Fast
62,80,70,3.1,7.86,Yes,Average
58,89,70,4.0,7.0,Yes,Average
40,44,53,1.2,5.26,Yes,Slow
60,83,74,2.1,6.87,No,Average
83,84,74,3.7,7.98,Yes,Average
82,74,70,3.7,7.33,No,Average
70,82,84,4.1,6.07,No,Average
87,89,85,4.6,8.83,No,Fast
73,88,66,3.2,6.57,Yes,Average
33,60,50,1.5,6.42,No,Slow
73,72,66,2.5,7.08,No,Average
98,87,92,7.5,8.31,No,Fast
71,74,72,4.6,6.09,No,Average
76,90,100,4.9,8.98,No,Fast
65,82,86,3.6,6.29,No,Average
80,74,84,4.8,7.03,No,Average
66,86,90,5.3,8.16,No,Average
62,45,65,2.3,4.71,No,Slow
46,62,40,1.7,6.3,No,Slow
33,53,57,1.9,6.07,No,Slow
67,72,73,2.7,6.13,Yes,Average
60,86,72,3.0,6.14,Yes,Average
77,74,78,3.8,6.49,Yes,Average
96,100,90,7.7,9.31,Yes,Fast
64,60,31,1.6,4.83,Yes,Slow
71,84,82,5.5,7.49,Yes,Average
79,98,85,4.1,8.35,No,Fast
38,52,34,2.8,6.05,No,Slow
63,75,69,2.6,5.0,Yes,Slow
62,73,70,3.4,6.67,Yes,Average
48,52,63,3.3,4.02,No,Slow
84,100,85,6.7,8.75,Yes,Fast
98,90,86,4.2,9.28,Yes,Fast
78,71,72,3.0,6.64,Yes,Average
75,95,91,4.1,8.69,Yes,Fast
93,98,89,7.9,8.04,No,Fast
39,61,52,1.1,6.17,No,Slow
88,92,88,6.2,9.21,Yes,Fast
84,83,88,4.9,6.64,No,Average
97,97,92,7.7,8.18,Yes,Fast
83,86,86,4.5,9.3,No,Fast
80,84,81,2.4,7.12,No,Average
37,61,52,2.6,5.46,Yes,Slow
30,44,58,3.3,6.33,Yes,Slow
72,78,76,4.9,7.26,No,Average
86,97,90,5.7,8.44,No,Fast
99,85,94,6.7,8.91,No,Fast
42,49,50,0.9,5.78,Yes,Slow
84,81,68,2.5,7.55,Yes,Average
71,89,76,4.7,8.2,Yes,Average
47,67,64,3.1,5.14,No,Slow
47,74,36,1.6,5.92,No,Slow
60,73,80,5.0,6.82,Yes,Average
87,92,88,6.6,9.19,Yes,Fast
57,78,71,2.5,6.28,Yes,Average
55,81,72,2.2,7.03,No,Average
76,80,89,3.3,7.81,No,Average
59,81,74,2.3,6.03,No,Average
77,86,88,4.1,9.87,Yes,Fast
98,99,96,5.3,8.99,No,Fast
74,73,90,2.1,7.49,Yes,Average
66,85,72,4.7,6.29,Yes,Average
56,90,79,2.3,7.78,Yes,Average
77,76,85,2.1,6.75,No,Average
38,51,65,0.5,5.37,No,Slow
67,77,89,4.7,6.64,Yes,Average
56,73,73,5.1,8.06,Yes,Average
38,54,55,0.7,5.46,Yes,Slow
76,89,79,3.9,7.23,Yes,Average
100,95,91,6.9,7.85,No,Fast
60,58,37,0.9,5.59,No,Slow
60,40,67,1.5,4.73,No,Slow
74,87,82,4.4,6.02,Yes,Average
76,92,86,4.5,8.25,Yes,Fast
51,60,35,3.4,4.69,No,Slow
57,83,77,3.9,7.01,Yes,Average
75,97,97,5.9,7.62,Yes,Fast
35,50,40,2.9,4.98,Yes,Slow
81,73,80,5.3,6.89,No,Average
77,81,89,2.9,8.02,Yes,Average
83,87,68,5.4,7.82,No,Average
56,71,75,4.4,7.15,No,Average
58,77,72,2.6,7.7,Yes,Average
53,40,46,1.9,4.41,No,Slow
78,97,93,6.0,9.59,Yes,Fast
82,79,85,4.8,6.49,Yes,Average
58,47,51,2.9,5.07,No,Slow
56,52,65,0.5,4.72,No,Slow
74,70,71,2.2,6.82,Yes,Average
68,72,71,2.2,7.27,No,Average
30,68,56,2.2,5.04,Yes,Slow
65,82,87,5.4,7.11,No,Average
58,44,46,0.6,4.37,No,Slow
80,80,85,4.0,7.14,No,Average
34,46,36,3.2,6.11,No,Slow
74,73,84,4.9,7.09,Yes,Average
68,77,83,2.7,7.31,Yes,Average
79,93,94,5.5,9.85,Yes,Fast
53,63,65,3.0,5.73,No,Slow
75,73,89,2.5,7.02,Yes,Average
35,62,60,3.3,4.32,Yes,Slow
94,94,91,4.8,8.26,Yes,Fast
80,87,88,4.2,9.92,No,Fast
80,73,69,4.6,7.67,Yes,Average
84,74,83,4.5,6.4,Yes,Average
96,99,91,7.2,8.05,Yes,Fast
64,90,80,2.5,6.17,No,Average
64,71,73,4.7,6.59,Yes,Average
30,56,54,2.3,4.32,No,Slow
44,75,53,3.4,4.4,No,Slow
81,95,99,7.2,9.24,No,Fast
83,93,95,5.1,7.63,Yes,Fast
71,75,85,4.3,7.88,No,Average
80,84,65,3.5,6.69,Yes,Average
57,73,83,3.3,7.72,Yes,Average
81,70,87,5.4,6.52,No,Average
95,90,85,6.2,8.85,Yes,Fast
77,95,92,5.9,7.95,No,Fast
78,100,94,4.5,9.52,No,Fast
62,71,83,5.0,7.1,Yes,Average
45,42,48,3.1,5.57,Yes,Slow
41,72,40,2.1,4.48,No,Slow
96,85,96,5.7,8.51,Yes,Fast
76,70,80,3.0,6.73,Yes,Average
42,41,68,1.1,6.36,No,Slow
58,46,43,2.4,5.95,Yes,Slow
80,87,73,5.3,8.16,Yes,Average
57,49,35,1.0,5.37,No,Slow
56,44,49,1.1,5.06,No,Slow
57,76,74,2.9,7.14,Yes,Average
61,79,90,4.4,7.33,Yes,Average
66,84,73,5.3,6.2,Yes,Average
51,74,59,2.4,5.6,No,Slow
70,84,73,4.0,7.55,No,Average
30,75,31,1.2,6.17,Yes,Slow
75,79,86,4.1,8.07,Yes,Average
55,73,89,4.5,6.11,Yes,Average
55,73,73,5.3,6.99,Yes,Average
80,93,94,7.4,9.35,No,Fast
74,86,86,3.7,6.72,No,Average
73,84,73,2.9,6.96,No,Average
49,56,70,2.1,4.61,Yes,Slow
74,76,87,2.7,6.11,Yes,Average
56,70,69,2.8,6.17,Yes,Average
47,42,62,1.1,5.68,No,Slow
78,91,90,7.4,8.46,No,Fast
55,82,67,4.8,7.36,Yes,Average
91,95,87,6.1,9.43,No,Fast
82,75,71,4.8,6.59,No,Average
76,89,92,6.7,9.47,No,Fast
58,80,70,4.2,6.94,No,Average
76,80,82,5.3,7.81,No,Average
76,82,71,3.1,6.12,Yes,Average
30,67,32,0.8,5.02,No,Slow
82,90,69,2.6,7.73,No,Average
57,76,79,4.5,7.51,No,Average
52,40,56,1.4,5.29,Yes,Slow
77,89,77,5.1,6.68,No,Average
50,75,68,2.4,4.58,No,Slow
83,90,87,6.2,8.37,No,Fast
77,94,96,7.5,9.65,Yes,Fast
97,99,97,6.4,8.65,Yes,Fast
71,83,80,3.3,6.26,No,Average
59,60,35,2.7,5.97,Yes,Slow
84,85,98,5.4,7.91,No,Fast
63,79,83,4.2,6.49,Yes,Average
93,95,91,5.0,8.11,Yes,Fast
83,98,92,7.8,9.97,Yes,Fast
89,98,87,7.5,9.24,No,Fast
56,87,77,3.1,7.92,Yes,Average
83,84,81,2.4,7.09,Yes,Average
79,100,85,7.9,8.02,No,Fast
55,72,81,2.7,8.09,Yes,Average
61,56,32,3.1,5.4,No,Slow
55,85,73,2.0,7.18,Yes,Average
96,90,87,7.4,7.82,No,Fast
67,83,83,3.8,7.88,Yes,Average
73,80,89,2.3,7.77,Yes,Average
44,41,51,0.7,5.2,Yes,Slow
76,86,66,2.3,7.13,Yes,Average
93,100,94,7.8,8.3,Yes,Fast
40,53,33,1.6,5.16,No,Slow
71,80,75,5.3,7.83,Yes,Average
90,99,97,7.2,7.76,Yes,Fast
67,77,90,3.5,7.72,Yes,Average
66,89,69,2.5,6.46,No,Average
71,76,70,4.3,7.65,Yes,Average
59,72,90,3.5,7.96,No,Average
70,79,77,3.1,7.57,Yes,Average
86,95,97,4.7,8.04,No,Fast
92,95,85,4.8,8.96,Yes,Fast
80,94,98,5.8,9.49,Yes,Fast
87,87,98,7.8,8.06,No,Fast
61,90,77,4.4,7.44,Yes,Average
77,76,79,4.7,7.71,No,Average
75,92,89,4.4,9.37,Yes,Fast
75,70,86,3.6,6.07,No,Average
70,84,88,4.0,7.89,Yes,Average
81,92,92,4.8,8.31,No,Fast
96,90,92,4.4,8.12,No,Fast
83,75,84,2.3,7.99,No,Average
70,79,67,2.0,7.26,Yes,Average
40,74,50,0.6,5.96,Yes,Slow
68,85,86,3.1,6.03,No,Average
64,71,44,1.4,5.28,No,Slow
58,74,74,5.0,6.86,No,Average
79,88,74,3.5,6.3,Yes,Average
77,88,75,5.0,8.04,No,Average
76,74,76,5.5,7.09,No,Average
40,59,43,3.3,4.13,No,Slow
40,66,47,2.5,4.28,Yes,Slow
83,89,95,4.2,9.24,Yes,Fast
69,88,71,4.6,7.32,Yes,Average
43,61,46,1.9,6.09,Yes,Slow
69,87,87,4.7,6.38,No,Average
98,90,90,6.7,8.84,No,Fast
31,52,66,1.0,6.08,No,Slow
74,80,72,4.1,7.31,Yes,Average
45,65,49,0.8,6.2,No,Slow
53,46,56,2.0,5.84,No,Slow
71,78,84,5.5,6.48,No,Average
74,77,85,5.3,6.14,Yes,Average
64,90,81,5.4,7.47,No,Average
66,88,66,3.9,6.16,Yes,Average
94,95,90,5.9,9.86,Yes,Fast
62,89,89,5.4,8.13,Yes,Average
78,77,72,2.7,6.48,Yes,Average
78,91,88,5.5,9.18,Yes,Fast
78,73,70,2.5,7.9,Yes,Average
84,71,75,4.9,7.24,Yes,Average
52,49,53,2.0,5.56,Yes,Slow
42,70,63,1.4,5.15,No,Slow
84,86,92,6.7,9.16,Yes,Fast
83,99,97,4.5,9.97,No,Fast
66,90,80,3.7,7.44,Yes,Average
72,88,89,4.3,7.89,Yes,Average
42,43,61,1.7,4.32,No,Slow
33,45,55,2.2,6.17,No,Slow
78,77,70,3.3,6.29,Yes,Average
70,72,77,2.8,6.89,Yes,Average
60,75,72,5.4,6.82,Yes,Average
83,72,76,5.3,7.22,No,Average
75,89,73,4.4,6.56,No,Average
84,91,88,6.4,7.5,No,Fast
55,89,81,3.3,6.33,No,Average
81,82,90,2.3,6.52,Yes,Average
67,83,90,4.1,7.73,Yes,Average
76,86,80,4.7,7.35,Yes,Average
58,56,42,2.6,5.92,No,Slow
70,87,85,2.6,7.68,Yes,Average
84,92,99,4.9,9.78,No,Fast
38,62,59,2.4,5.38,No,Slow
38,40,40,2.9,5.12,No,Slow
37,51,43,2.7,6.29,Yes,Slow
40,51,69,1.6,4.5,No,Slow
95,99,100,7.1,8.89,Yes,Fast
73,75,70,3.3,6.04,No,Average
71,78,83,3.0,6.76,Yes,Average
46,41,48,2.5,5.59,No,Slow
73,75,70,3.0,8.08,No,Average
80,86,90,3.0,7.0,No,Average
64,75,48,2.4,4.78,Yes,Slow
66,70,80,2.3,7.84,Yes,Average
63,85,70,3.6,6.14,Yes,Average
79,81,87,3.0,8.13,No,Average
80,72,86,2.9,7.46,No,Average
56,49,53,1.0,6.04,Yes,Slow
80,84,73,3.6,7.46,No,Average
70,87,87,5.1,6.65,No,Average
80,70,66,3.5,6.41,No,Average
75,88,90,7.3,7.93,Yes,Fast
68,84,78,5.3,7.31,No,Average
52,63,34,0.8,4.89,No,Slow
52,57,64,0.8,5.42,No,Slow
62,77,89,3.4,8.07,No,Average
58,44,66,0.8,4.3,Yes,Slow
84,85,72,4.7,6.07,No,Average
82,96,94,4.4,9.47,Yes,Fast
69,78,90,2.1,6.95,Yes,Average
62,89,65,2.1,7.01,No,Average
75,70,74,2.9,6.79,No,Average
69,75,80,5.1,6.8,Yes,Average
67,82,81,2.3,6.79,No,Average
96,98,92,4.7,9.52,No,Fast
82,82,85,3.6,6.45,Yes,Average
100,90,91,4.3,8.83,No,Fast
92,94,90,5.6,9.14,No,Fast
44,56,43,3.3,4.17,No,Slow
64,74,48,0.7,4.58,No,Slow
30,63,46,2.3,6.25,No,Slow
44,75,43,1.7,4.7,No,Slow
33,43,45,2.2,6.07,No,Slow
78,82,67,4.5,6.51,No,Average
45,70,31,3.4,6.22,No,Slow
83,79,82,3.1,7.49,Yes,Average
80,86,97,7.3,9.15,No,Fast
47,43,35,2.8,4.63,Yes,Slow
80,94,89,6.1,9.75,Yes,Fast
58,72,75,4.9,8.15,Yes,Average
35,56,34,2.7,6.14,No,Slow
67,70,80,3.4,7.36,No,Average
55,72,76,5.5,7.45,Yes,Average
89,95,91,7.8,7.66,Yes,Fast
67,89,89,3.9,6.35,No,Average
88,99,98,7.0,9.31,Yes,Fast
56,78,67,2.2,7.33,Yes,Average
36,50,50,0.6,6.37,Yes,Slow
84,100,86,5.1,9.82,No,Fast
77,95,85,4.2,7.52,Yes,Fast
89,94,93,7.8,9.47,Yes,Fast
76,79,77,4.1,7.25,No,Average
77,84,71,3.0,6.29,No,Average
91,92,97,4.4,9.58,Yes,Fast
80,86,85,2.8,6.19,Yes,Average
97,96,99,4.2,9.68,Yes,Fast
79,94,88,6.7,8.73,No,Fast
67,84,78,3.4,7.22,No,Average
94,100,91,5.2,7.88,No,Fast
92,99,90,5.4,7.81,Yes,Fast
42,75,48,2.3,5.74,Yes,Slow
89,90,90,5.0,8.34,Yes,Fast
69,76,70,2.4,6.53,No,Average
79,88,88,6.7,7.76,Yes,Fast
66,80,90,3.3,6.08,Yes,Average
93,94,99,5.8,9.97,Yes,Fast
56,72,83,4.0,8.17,Yes,Average
45,49,53,1.8,5.41,No,Slow
85,91,95,7.7,8.2,Yes,Fast
62,43,41,2.3,4.1,No,Slow
56,70,85,4.3,7.68,No,Average
92,88,94,4.4,8.22,No,Fast
91,97,87,4.5,9.19,No,Fast
60,86,86,4.4,6.94,Yes,Average
78,79,72,4.4,6.71,No,Average
76,79,86,2.9,6.29,Yes,Average
80,87,73,2.2,8.19,No,Average
64,81,76,3.2,6.06,Yes,Average
55,71,71,4.9,7.39,No,Average
99,88,95,4.7,9.08,No,Fast
81,97,89,7.2,8.94,Yes,Fast
88,94,89,6.2,9.0,No,Fast
51,51,35,1.0,5.79,No,Slow
55,85,88,5.5,7.74,No,Average
45,59,32,3.3,4.63,Yes,Slow
68,73,83,3.1,7.31,No,Average
61,85,87,5.2,7.22,Yes,Average
86,99,93,4.4,8.65,No,Fast
81,82,87,5.1,7.6,Yes,Average
48,72,64,0.5,4.89,Yes,Slow
64,62,42,2.9,6.39,No,Slow
76,97,93,4.3,8.46,No,Fast
65,77,84,2.3,6.3,No,Average
49,63,55,1.7,4.16,No,Slow
58,40,30,1.5,5.01,No,Slow
82,77,83,3.1,6.8,Yes,Average
38,66,49,0.9,5.75,No,Slow
85,87,90,6.0,7.73,Yes,Fast
73,89,77,3.7,7.87,Yes,Average
42,47,55,3.4,4.75,No,Slow
44,59,68,2.5,6.44,No,Slow
80,98,94,4.2,9.55,Yes,Fast
71,88,78,4.4,7.32,No,Average
76,70,72,5.4,7.28,No,Average
86,91,97,6.6,9.99,No,Fast
88,98,87,5.3,9.78,No,Fast
96,100,93,4.2,9.58,Yes,Fast
88,90,100,6.5,9.39,Yes,Fast
65,78,87,2.9,6.7,No,Average
43,65,58,2.9,4.85,Yes,Slow
94,98,87,6.0,8.63,Yes,Fast
64,84,89,3.6,6.91,No,Average
77,90,84,3.5,6.87,Yes,Average
84,91,86,6.6,7.99,Yes,Fast
62,46,67,2.1,6.17,Yes,Slow
65,90,68,4.4,7.62,No,Average
64,43,59,2.2,4.91,Yes,Slow
81,88,84,3.0,6.17,No,Average
60,57,58,1.0,4.36,No,Slow
33,56,55,2.1,5.17,Yes,Slow
47,61,41,1.9,6.07,No,Slow
80,76,90,4.4,8.17,Yes,Average
59,75,88,4.1,6.89,Yes,Average
59,74,74,2.0,7.06,No,Average
86,98,93,4.1,9.68,No,Fast
74,70,85,4.0,6.97,Yes,Average
72,81,67,2.2,6.42,Yes,Average
100,89,96,7.6,7.62,Yes,Fast
51,57,63,1.3,6.0,Yes,Slow
95,99,93,6.5,8.61,Yes,Fast
57,55,68,3.1,5.51,Yes,Slow
79,85,97,6.3,9.55,No,Fast
36,71,68,3.0,4.93,No,Slow
89,99,94,4.6,8.01,Yes,Fast
57,81,77,3.4,8.1,Yes,Average
95,91,99,4.8,8.76,Yes,Fast
38,47,42,2.2,6.49,No,Slow
60,82,71,2.4,6.22,No,Average
84,90,89,6.2,8.63,No,Fast
66,83,81,3.6,6.17,No,Average
77,83,73,3.8,6.37,No,Average
67,84,89,4.6,6.31,Yes,Average
78,87,89,4.4,6.12,Yes,Average
58,84,84,3.4,7.28,Yes,Average
70,71,90,2.1,7.32,No,Average
94,91,97,5.6,7.92,Yes,Fast
40,57,41,2.5,4.18,No,Slow
67,76,78,2.8,8.12,Yes,Average
97,93,95,6.5,9.95,Yes,Fast
75,87,91,5.3,8.18,No,Fast
57,89,81,5.0,8.11,Yes,Average
77,72,70,3.6,6.89,No,Average
68,85,67,4.2,6.87,Yes,Average
30,61,69,3.1,4.32,No,Slow
84,88,75,4.3,7.54,No,Average
61,87,65,4.0,7.44,No,Average
62,82,88,2.8,7.63,Yes,Average
56,46,49,2.8,5.75,No,Slow
90,97,89,5.6,9.34,Yes,Fast
91,85,89,4.5,9.78,No,Fast
65,71,82,3.0,6.91,Yes,Average
62,75,75,2.3,7.29,Yes,Average
71,90,88,3.7,6.07,Yes,Average
99,92,98,6.1,9.11,Yes,Fast
73,80,80,4.1,7.31,No,Average
48,64,38,2.7,5.43,Yes,Slow
99,100,91,4.8,8.46,Yes,Fast
90,90,90,6.4,9.04,Yes,Fast
92,99,98,4.7,9.29,Yes,Fast
62,89,79,3.3,6.85,No,Average
57,78,81,3.0,6.04,No,Average
69,74,84,3.6,7.78,No,Average
83,97,97,4.1,9.3,No,Fast
95,100,100,5.3,9.74,Yes,Fast
39,52,42,1.1,5.69,No,Slow
52,48,31,2.8,5.7,No,Slow
59,76,78,2.3,6.82,No,Average
91,93,88,4.6,8.48,Yes,Fast
97,93,91,6.9,9.08,Yes,Fast
48,74,49,1.8,5.86,No,Slow
63,88,80,3.8,7.79,Yes,Average
73,81,87,5.1,6.31,No,Average
89,91,85,4.1,7.66,Yes,Fast
93,87,96,5.0,9.0,No,Fast
76,99,91,7.7,9.64,Yes,Fast
84,75,87,4.4,7.88,Yes,Average
73,86,75,4.3,7.12,Yes,Average
70,72,78,2.6,6.98,Yes,Average
51,69,49,3.3,4.72,No,Slow
98,93,97,7.9,9.35,No,Fast
81,87,90,7.5,8.27,No,Fast
83,95,91,4.9,8.46,No,Fast
79,94,86,6.2,8.5,Yes,Fast
57,86,69,3.6,8.16,No,Average
91,98,98,5.6,9.18,Yes,Fast
92,88,86,4.5,8.27,Yes,Fast
82,90,86,5.4,9.08,No,Fast
61,52,53,1.4,6.44,No,Slow
69,89,65,3.9,6.12,Yes,Average
60,68,36,2.1,6.2,Yes,Slow
76,93,92,4.6,8.49,Yes,Fast
75,83,84,5.0,6.93,No,Average
31,55,46,3.1,4.69,No,Slow
79,76,70,3.1,6.69,Yes,Average
62,89,83,2.0,6.12,Yes,Average
76,79,73,2.8,7.22,No,Average
62,61,58,3.0,4.3,No,Slow
58,70,65,2.8,6.26,Yes,Average
63,80,65,4.6,7.58,No,Average
92,96,100,8.0,8.08,Yes,Fast
71,86,82,3.4,6.99,Yes,Average
97,91,85,7.3,9.65,No,Fast
72,71,67,3.6,7.78,No,Average
68,77,90,3.0,7.18,Yes,Average
83,86,89,4.4,8.84,Yes,Fast
74,81,88,5.3,7.8,No,Average
36,47,53,1.4,5.34,Yes,Slow
49,74,58,1.6,6.19,No,Slow
90,87,86,5.3,9.6,No,Fast
68,86,87,3.1,6.36,No,Average
56,72,83,4.2,6.72,No,Average
30,40,58,3.0,4.3,No,Slow
55,66,45,2.7,4.42,No,Slow
52,40,46,3.0,6.05,No,Slow
67,90,79,3.0,7.93,Yes,Average
72,83,83,3.6,7.54,Yes,Average
74,74,86,4.9,7.63,No,Average
60,84,70,3.9,7.74,Yes,Average
86,91,97,7.8,9.89,No,Fast
81,70,77,2.2,7.88,No,Average
60,71,65,4.7,7.12,Yes,Average
97,98,87,5.9,9.07,No,Fast
80,70,87,5.3,7.64,No,Average
68,87,73,5.2,6.74,No,Average
78,90,91,5.4,9.56,Yes,Fast
89,96,94,4.5,9.92,Yes,Fast
56,51,70,2.3,5.32,No,Slow
78,100,86,5.9,8.68,Yes,Fast
80,82,87,3.2,6.91,Yes,Average
60,79,80,4.5,6.53,Yes,Average
59,77,65,2.7,6.2,No,Average
78,100,98,5.9,9.53,No,Fast
75,90,72,4.0,7.57,No,Average
74,79,82,3.9,7.6,No,Average
58,87,78,2.7,7.67,No,Average
56,59,38,2.2,4.79,No,Slow
55,58,55,0.8,5.06,Yes,Slow
48,57,32,3.0,4.88,No,Slow
55,72,32,1.8,5.08,No,Slow
45,75,36,3.3,4.85,Yes,Slow
45,40,39,0.7,4.16,No,Slow
61,76,80,3.2,7.06,No,Average
49,65,36,1.1,5.21,Yes,Slow
68,89,90,3.9,8.11,No,Average
88,85,96,7.6,8.84,Yes,Fast
58,71,85,4.3,6.45,Yes,Average
71,79,79,5.4,6.73,No,Average
31,41,32,1.0,5.23,No,Slow
35,53,63,2.2,6.34,No,Slow
59,75,41,0.9,6.11,No,Slow
56,46,48,2.2,4.85,No,Slow
57,74,69,4.7,6.4,Yes,Average
58,62,38,2.9,5.59,Yes,Slow
37,65,50,0.6,6.09,No,Slow
63,74,43,1.4,5.74,Yes,Slow
61,86,83,2.4,7.06,No,Average
33,52,50,2.6,5.54,No,Slow
60,88,81,5.2,7.59,Yes,Average
63,88,89,3.7,7.33,Yes,Average
74,80,68,2.5,6.43,Yes,Average
50,75,41,0.8,5.27,No,Slow
97,96,91,5.4,9.73,Yes,Fast
66,70,70,4.5,6.08,Yes,Average
53,49,35,3.3,5.38,No,Slow
99,92,92,7.9,7.95,Yes,Fast
99,92,86,5.9,7.69,Yes,Fast
61,51,56,1.2,4.64,No,Slow
84,80,89,4.8,6.12,Yes,Average
76,99,92,4.2,9.86,Yes,Fast
72,70,84,3.4,6.99,Yes,Average
59,57,53,1.5,5.54,No,Slow
55,49,40,1.7,6.17,No,Slow
73,84,89,3.0,6.63,No,Average
66,88,86,2.7,6.37,No,Average
59,90,82,2.4,8.01,Yes,Average
81,82,67,3.1,7.87,Yes,Average
67,81,76,5.2,8.12,No,Average
80,81,69,2.3,6.87,No,Average
42,55,38,0.6,5.02,No,Slow
72,79,73,4.5,6.29,No,Average
70,76,67,4.7,6.66,Yes,Average
79,90,95,5.9,9.24,No,Fast
61,90,77,3.6,6.97,Yes,Average
75,85,68,3.2,7.84,Yes,Average
41,51,62,1.6,4.22,No,Slow
56,89,88,3.4,6.27,No,Average
68,82,77,3.6,7.49,Yes,Average
37,43,36,2.4,5.75,No,Slow
69,88,89,2.7,6.52,Yes,Average
58,88,74,2.8,6.67,No,Average
63,55,54,2.7,5.01,No,Slow
57,72,85,4.2,6.4,No,Average
44,73,33,2.8,5.22,Yes,Slow
55,85,69,2.2,6.64,Yes,Average
55,65,56,0.9,6.16,No,Slow
83,90,88,7.2,9.25,Yes,Fast
69,71,72,5.3,7.45,Yes,Average
78,77,75,3.1,7.1,Yes,Average
78,94,99,6.3,9.29,No,Fast
76,81,67,3.7,7.53,No,Average
60,51,33,2.1,6.19,Yes,Slow
59,90,87,2.2,8.14,Yes,Average
67,86,77,3.6,7.43,Yes,Average
66,73,84,3.0,8.14,Yes,Average
77,81,66,2.3,7.81,No,Average
56,52,39,0.7,4.64,No,Slow
61,88,65,3.8,7.59,No,Average
79,90,81,2.3,7.7,Yes,Average
73,89,70,4.1,7.01,No,Average
83,70,88,2.4,7.97,No,Average
79,73,74,3.7,7.12,No,Average
98,94,96,5.9,9.82,No,Fast
59,89,86,3.6,7.96,Yes,Average
62,57,58,1.5,6.06,No,Slow
32,42,64,3.0,4.21,No,Slow
52,59,63,1.4,4.76,No,Slow
31,52,38,1.5,4.02,No,Slow
56,46,49,2.2,5.97,Yes,Slow
36,75,34,2.7,6.49,No,Slow
59,73,68,2.3,8.15,Yes,Average
53,43,38,2.3,4.68,No,Slow
91,86,87,4.4,9.03,No,Fast
61,50,46,1.0,6.24,No,Slow
73,84,67,2.1,7.27,Yes,Average
64,89,81,2.8,7.65,Yes,Average
92,95,91,4.7,8.78,No,Fast
58,71,47,2.2,5.64,Yes,Slow
72,77,66,4.0,6.82,Yes,Average
82,95,95,5.6,9.3,No,Fast
78,87,98,6.2,8.37,No,Fast
88,100,96,5.8,7.9,No,Fast
69,85,70,4.6,6.23,Yes,Average
34,40,60,2.7,5.23,No,Slow
56,79,76,3.1,7.13,Yes,Average
83,98,85,6.6,8.1,No,Fast
67,76,70,4.4,7.08,No,Average
59,71,78,4.9,7.79,Yes,Average
57,72,86,5.3,8.1,Yes,Average
76,97,91,5.4,8.13,Yes,Fast
61,63,35,1.2,5.9,No,Slow
78,82,88,3.3,7.91,No,Average
76,72,69,3.6,6.15,Yes,Average
68,81,77,3.5,7.89,Yes,Average
46,45,69,2.6,4.58,No,Slow
55,52,57,1.7,5.73,No,Slow
66,80,67,4.8,7.8,No,Average
75,89,77,5.0,6.5,No,Average
76,82,65,5.2,6.87,No,Average
36,74,34,1.9,5.3,Yes,Slow
65,79,66,4.2,6.98,Yes,Average
74,82,73,3.1,6.27,Yes,Average
40,55,36,1.9,4.74,Yes,Slow
74,83,66,4.7,7.98,Yes,Average
34,68,62,2.0,5.15,Yes,Slow
47,69,39,2.0,4.66,Yes,Slow
76,100,87,4.4,8.72,Yes,Fast
75,78,69,2.9,7.43,Yes,Average
87,88,95,6.5,8.29,Yes,Fast
59,76,85,2.5,6.29,No,Average
73,71,90,5.4,7.12,No,Average
78,97,94,7.4,8.35,Yes,Fast
81,89,70,4.3,7.53,Yes,Average
58,76,78,5.4,6.05,No,Average
82,87,67,5.1,7.19,No,Average
56,80,67,3.5,6.47,No,Average
76,96,94,6.4,7.64,Yes,Fast
78,90,94,7.7,8.19,Yes,Fast
84,85,100,5.4,8.4,No,Fast
55,65,55,2.5,5.79,No,Slow
57,84,65,4.3,6.03,No,Average
95,99,100,7.9,8.65,No,Fast
40,66,67,3.0,6.1,No,Slow
50,72,67,2.2,4.25,No,Slow
79,89,78,3.8,6.96,No,Average
76,78,90,2.3,7.66,Yes,Average
97,88,89,4.8,7.64,Yes,Fast
60,68,57,0.6,4.27,No,Slow
98,85,93,6.2,8.99,No,Fast
52,68,57,2.7,5.45,No,Slow
31,46,70,2.6,4.32,No,Slow
54,66,39,3.4,5.28,Yes,Slow
76,87,94,6.4,9.05,Yes,Fast
74,87,76,4.9,7.48,No,Average
55,85,65,3.0,6.69,Yes,Average
77,82,79,4.0,7.74,Yes,Average
75,90,97,6.5,9.79,Yes,Fast
70,79,68,4.7,8.01,No,Average
76,87,100,4.9,8.93,Yes,Fast
57,84,68,3.7,6.99,Yes,Average
72,80,71,3.0,7.99,No,Average
55,76,71,5.2,7.93,Yes,Average
74,84,71,2.7,6.49,Yes,Average
78,73,77,2.7,6.66,Yes,Average
73,73,89,2.5,7.13,No,Average
33,61,66,1.9,4.24,No,Slow
96,89,100,4.7,9.14,Yes,Fast
83,73,71,4.4,6.04,Yes,Average
68,90,83,3.5,7.83,Yes,Average
75,86,98,6.8,8.67,No,Fast
73,76,83,2.5,7.76,Yes,Average
43,57,41,1.6,5.22,No,Slow
84,87,94,6.3,9.84,No,Fast
58,74,73,5.1,7.37,Yes,Average
69,78,82,3.0,7.59,Yes,Average
45,68,33,2.5,5.57,No,Slow
80,87,98,5.6,7.93,Yes,Fast
79,87,84,5.2,7.8,No,Average
74,82,78,2.9,7.49,No,Average
87,96,89,7.1,7.84,No,Fast
86,100,87,6.9,7.75,No,Fast
31,65,59,1.6,4.23,No,Slow
66,83,83,3.8,6.37,Yes,Average
60,62,70,1.3,5.64,No,Slow
80,71,77,2.9,7.85,Yes,Average
59,49,54,2.7,5.88,Yes,Slow
80,75,67,4.0,8.19,No,Average
91,92,95,5.7,8.48,No,Fast
100,85,95,6.9,9.08,Yes,Fast
75,73,78,2.3,7.42,Yes,Average
82,86,97,5.4,8.3,No,Fast
34,48,69,1.1,6.16,No,Slow
100,100,91,4.6,9.86,Yes,Fast
62,58,58,2.1,5.06,No,Slow
80,88,80,2.9,7.79,Yes,Average
91,92,96,4.9,7.67,Yes,Fast
52,61,57,2.7,5.67,Yes,Slow
42,57,59,1.1,6.28,No,Slow
60,85,70,3.7,6.64,No,Average
62,75,82,2.0,7.29,No,Average
76,86,90,3.6,8.01,Yes,Average
77,76,78,5.3,7.19,Yes,Average
64,77,77,2.3,7.01,No,Average
56,78,66,2.6,7.88,No,Average
78,71,67,2.4,6.19,No,Average
41,58,68,0.8,4.77,No,Slow
92,95,88,5.2,9.44,Yes,Fast
78,78,77,3.2,6.9,Yes,Average
57,73,90,5.5,6.47,No,Average
70,84,74,3.4,8.04,No,Average
97,100,87,6.8,8.35,No,Fast
43,70,55,3.0,6.45,No,Slow
72,85,67,2.2,7.39,Yes,Average
81,90,85,4.8,7.86,Yes,Average
81,81,77,3.7,7.48,Yes,Average
51,42,41,3.0,4.54,No,Slow
91,89,95,5.2,7.96,Yes,Fast
93,99,98,6.3,8.5,No,Fast
81,80,66,2.5,7.54,No,Average
67,76,90,4.1,6.03,No,Average
99,88,90,6.0,9.17,Yes,Fast
73,75,67,3.1,7.43,No,Average
64,58,54,2.3,4.21,No,Slow
69,74,71,4.0,6.56,Yes,Average
76,90,69,5.3,7.0,No,Average
66,87,80,4.3,6.2,Yes,Average
84,79,78,5.0,8.02,Yes,Average
92,99,92,5.8,9.3,No,Fast
79,95,99,7.6,8.08,Yes,Fast
61,78,82,4.7,6.28,Yes,Average
55,44,45,0.9,5.13,No,Slow
99,91,99,7.4,8.77,Yes,Fast
94,91,85,6.1,8.4,Yes,Fast
47,52,62,2.9,6.08,No,Slow
80,100,85,6.0,9.79,No,Fast
84,89,93,6.1,7.77,No,Fast
84,80,90,3.1,6.38,Yes,Average
62,85,67,4.4,7.2,Yes,Average
70,72,82,3.6,6.72,Yes,Average
38,45,49,1.9,5.83,No,Slow
77,75,70,3.5,6.63,No,Average
100,90,99,7.7,7.63,No,Fast
60,46,60,1.6,4.8,Yes,Slow
70,86,68,3.8,6.18,Yes,Average
63,89,82,3.9,8.01,No,Average
84,77,74,2.9,7.16,Yes,Average
90,87,95,5.5,9.51,No,Fast
69,88,75,2.5,6.83,No,Average
74,80,66,2.3,7.37,Yes,Average
82,87,90,2.4,7.17,Yes,Average
84,77,69,5.1,7.66,No,Average
41,49,64,2.4,4.44,Yes,Slow
75,76,75,2.2,6.07,No,Average
61,54,51,0.9,5.23,Yes,Slow
38,52,57,3.2,5.22,Yes,Slow
62,72,90,2.2,6.67,No,Average
68,86,66,4.9,7.95,No,Average
97,88,86,6.3,8.3,Yes,Fast
71,76,78,2.4,6.05,Yes,Average
78,75,70,3.0,6.57,No,Average
76,75,79,4.7,6.0,Yes,Average
57,40,41,3.3,4.52,No,Slow
64,76,66,3.4,7.15,Yes,Average
57,68,47,3.3,4.79,Yes,Slow
78,94,89,7.6,8.5,No,Fast
55,73,68,1.0,5.41,Yes,Slow
84,71,72,3.3,6.42,Yes,Average
47,53,67,1.0,6.46,No,Slow
86,93,96,6.3,7.51,Yes,Fast
65,79,83,5.4,7.42,Yes,Average
64,76,71,4.3,6.21,No,Average
54,48,47,2.8,4.42,No,Slow
70,81,71,3.9,6.38,Yes,Average
50,49,48,1.7,5.55,No,Slow
96,98,94,4.9,8.68,Yes,Fast
35,57,31,3.0,4.13,Yes,Slow
31,68,31,3.3,6.32,No,Slow
62,49,37,2.3,4.64,No,Slow
81,81,77,3.9,7.24,Yes,Average
71,89,72,2.7,6.31,Yes,Average
36,73,52,1.4,4.97,No,Slow
97,90,93,7.5,8.23,No,Fast
61,71,75,3.1,7.55,Yes,Average
81,86,72,2.6,6.97,Yes,Average
55,71,76,3.8,7.87,No,Average
71,89,73,4.5,6.75,No,Average
78,90,69,3.1,6.06,No,Average
32,52,37,2.1,4.48,No,Slow
55,49,54,0.7,5.79,Yes,Slow
86,92,92,4.7,9.41,Yes,Fast
78,97,90,6.7,9.56,No,Fast
80,76,75,3.0,7.54,No,Average
84,76,87,3.8,7.71,No,Average
77,77,66,5.3,8.08,Yes,Average
72,81,77,2.8,7.38,No,Average
49,66,69,2.4,5.26,No,Slow
56,48,61,1.1,6.28,No,Slow
65,90,69,4.0,8.13,Yes,Average
69,82,89,3.9,7.42,Yes,Average
51,71,68,2.2,4.7,Yes,Slow
41,56,62,2.7,5.73,Yes,Slow
58,66,52,1.5,6.3,No,Slow
62,85,83,2.2,7.15,Yes,Average
41,68,55,3.3,4.52,Yes,Slow
47,54,41,1.1,5.94,No,Slow
76,90,95,8.0,7.84,Yes,Fast
55,44,37,3.3,5.96,Yes,Slow
82,80,89,2.9,7.13,No,Average
58,59,38,2.2,6.39,No,Slow
63,61,49,0.6,4.08,No,Slow
52,72,63,0.7,4.12,No,Slow
74,76,67,2.2,6.51,Yes,Average
84,96,98,6.8,9.87,Yes,Fast
91,100,96,4.2,8.39,No,Fast
84,79,70,3.6,8.13,No,Average
66,73,72,3.8,7.19,Yes,Average
45,58,48,2.4,6.43,No,Slow
71,87,75,3.7,6.93,Yes,Average
91,97,98,5.2,8.1,No,Fast
46,63,36,1.7,4.55,No,Slow
41,46,53,0.7,4.02,No,Slow
53,43,42,2.8,6.14,No,Slow
42,51,40,0.6,5.27,No,Slow
40,54,63,2.1,4.56,No,Slow
66,85,69,4.4,8.2,No,Average
63,76,77,3.3,7.89,No,Average
81,92,94,5.3,7.69,No,Fast
78,95,91,7.6,9.29,Yes,Fast
55,86,71,4.0,8.15,No,Average
55,88,74,2.8,6.97,Yes,Average
63,74,84,4.0,6.57,No,Average
75,86,68,2.2,8.1,No,Average
60,71,69,4.0,6.42,No,Average
77,82,87,4.3,6.92,No,Average
68,70,68,2.3,7.4,No,Average
79,85,72,2.2,7.25,No,Average
68,71,74,4.6,7.47,Yes,Average
79,82,90,2.2,6.55,Yes,Average
77,92,87,6.8,9.64,Yes,Fast
91,98,96,4.1,9.8,Yes,Fast
63,60,49,2.3,4.53,Yes,Slow
85,95,88,7.3,9.84,Yes,Fast
76,82,65,2.2,6.22,No,Average
98,93,94,5.5,8.0,Yes,Fast
88,97,87,6.6,8.85,Yes,Fast
61,81,76,2.2,7.22,Yes,Average
53,75,62,0.9,6.32,No,Slow
57,78,66,3.4,7.66,No,Average
74,75,75,5.1,6.9,No,Average
69,75,82,4.4,6.95,No,Average
56,89,66,3.4,6.53,No,Average
63,46,34,1.5,4.74,No,Slow
95,87,88,5.4,9.49,No,Fast
75,99,88,7.7,7.88,No,Fast
77,73,88,2.9,7.83,No,Average
30,63,55,2.1,4.11,Yes,Slow
76,88,69,2.1,7.17,Yes,Average
43,67,32,2.5,4.18,No,Slow
100,94,100,7.2,8.71,No,Fast
56,41,68,1.4,4.01,No,Slow
75,71,65,5.0,8.05,Yes,Average
76,77,73,3.2,6.51,Yes,Average
70,79,73,5.0,6.34,Yes,Average
59,76,80,3.6,7.7,No,Average
96,90,85,5.7,8.94,Yes,Fast
39,72,49,3.1,4.01,No,Slow
47,43,42,2.5,6.36,No,Slow
38,63,62,3.3,5.91,No,Slow
95,93,94,7.4,9.99,Yes,Fast
100,99,93,8.0,9.31,Yes,Fast
79,78,88,4.1,6.0,Yes,Average
71,75,73,4.0,6.63,No,Average
83,75,66,2.2,7.74,No,Average
50,75,44,1.2,4.66,No,Slow
82,98,96,4.2,8.57,Yes,Fast
61,74,82,3.6,7.29,Yes,Average
83,76,79,3.9,6.7,Yes,Average
56,78,78,5.3,7.87,Yes,Average
34,49,30,1.4,4.27,No,Slow
42,67,46,3.4,5.32,No,Slow
64,79,81,3.3,7.63,No,Average
60,52,34,1.4,4.25,Yes,Slow
58,89,66,4.8,6.29,No,Average
39,64,51,2.3,5.21,No,Slow
84,79,70,5.4,6.52,Yes,Average
70,79,65,2.4,6.89,No,Average
59,84,72,3.8,8.06,Yes,Average
74,84,75,2.4,6.35,No,Average
84,87,74,2.6,7.64,No,Average
83,88,87,4.9,6.99,Yes,Average
73,73,80,2.8,6.85,No,Average
79,86,75,2.4,7.62,No,Average
93,100,92,5.5,9.77,No,Fast
79,79,87,3.9,7.57,Yes,Average
42,55,42,1.0,5.26,No,Slow
31,71,37,1.5,4.71,Yes,Slow
63,77,69,4.5,7.69,Yes,Average
68,73,74,3.6,6.01,Yes,Average
32,56,31,0.9,5.65,No,Slow
80,89,66,3.3,7.06,Yes,Average
62,87,83,3.5,7.89,No,Average
71,72,86,4.7,6.51,No,Average
85,93,89,5.9,7.67,No,Fast
59,50,33,2.8,6.28,No,Slow
40,66,49,1.1,6.19,Yes,Slow
80,78,73,3.3,7.54,Yes,Average
73,82,90,3.8,6.28,Yes,Average
84,82,85,3.1,6.84,Yes,Average
55,78,80,5.0,6.1,No,Average
61,69,45,0.9,5.88,No,Slow
88,88,96,4.0,9.72,Yes,Fast
93,89,98,5.2,9.89,Yes,Fast
55,81,87,4.2,7.85,No,Average
60,84,84,3.6,6.17,No,Average
78,81,89,3.5,6.78,Yes,Average
68,71,65,3.8,8.06,Yes,Average
44,62,54,3.1,6.01,No,Slow
89,87,98,4.3,9.74,No,Fast
56,42,68,2.6,5.55,No,Slow
98,95,91,7.3,9.23,Yes,Fast
74,72,87,4.9,6.53,Yes,Average
52,48,68,2.9,5.52,No,Slow
73,90,77,2.1,6.17,No,Average
93,85,85,6.2,8.27,No,Fast
68,77,79,3.4,6.09,No,Average
78,92,100,4.6,9.52,Yes,Fast
72,78,75,3.6,7.84,No,Average
75,85,84,3.9,6.59,Yes,Average
99,100,86,4.1,9.83,No,Fast
37,71,30,0.6,4.34,No,Slow
84,78,87,5.3,6.6,Yes,Average
54,72,30,1.9,5.01,No,Slow
98,94,100,5.1,9.45,Yes,Fast
84,99,86,4.1,8.11,Yes,Fast
58,47,33,1.8,6.43,Yes,Slow
74,70,81,3.9,6.02,Yes,Average
98,96,87,5.2,7.55,Yes,Fast
38,61,70,1.4,6.49,No,Slow
59,70,76,2.4,6.68,No,Average
82,86,91,6.6,9.72,Yes,Fast
44,53,39,3.4,4.48,Yes,Slow
82,78,80,2.9,8.13,No,Average
59,72,79,3.4,6.35,No,Average
97,88,91,5.3,9.23,No,Fast
100,97,90,6.0,9.7,Yes,Fast
92,85,85,4.3,8.7,No,Fast
61,76,72,5.2,7.48,No,Average
81,90,93,7.0,7.99,No,Fast
94,94,85,7.8,8.68,Yes,Fast
75,72,70,4.2,7.11,No,Average
96,88,96,6.6,9.91,No,Fast
38,54,44,3.0,5.83,No,Slow
77,71,82,2.2,7.38,Yes,Average
53,71,35,0.7,5.89,No,Slow
48,51,50,1.5,5.87,Yes,Slow
58,67,47,2.5,4.53,Yes,Slow
57,81,68,2.5,6.5,No,Average
79,86,72,2.9,7.23,No,Average
58,70,71,2.6,7.95,Yes,Average
55,54,48,3.3,4.92,No,Slow
59,75,73,2.4,6.65,Yes,Average
78,76,84,4.7,7.75,No,Average
83,91,92,5.1,9.64,No,Fast
81,80,81,2.4,8.06,No,Average
80,84,75,2.9,7.19,No,Average
88,92,94,7.4,7.78,Yes,Fast
63,80,71,2.0,6.1,No,Average
43,67,32,1.9,5.74,No,Slow
36,54,43,3.4,6.26,No,Slow
81,92,90,5.1,7.64,No,Fast
30,65,33,1.0,6.13,No,Slow
91,98,94,7.6,8.49,Yes,Fast
65,84,85,5.4,6.98,Yes,Average
96,85,97,6.7,8.32,Yes,Fast
100,95,98,5.5,8.61,Yes,Fast
90,88,100,4.5,7.56,Yes,Fast
69,86,77,3.1,7.67,No,Average
79,93,95,4.2,9.7,Yes,Fast
55,86,81,5.2,8.09,Yes,Average
64,75,89,2.4,7.41,No,Average
56,86,75,4.3,6.8,No,Average
91,85,88,5.7,8.43,Yes,Fast
78,88,95,5.0,8.24,Yes,Fast
85,89,99,7.9,9.43,Yes,Fast
56,75,86,4.3,7.34,Yes,Average
82,78,81,2.9,7.34,No,Average
81,88,74,2.7,7.46,Yes,Average
64,70,70,1.1,4.47,No,Slow
54,60,36,1.2,6.3,No,Slow
71,85,86,3.8,7.53,No,Average
70,72,86,3.6,7.49,No,Average
70,74,67,4.3,7.09,No,Average
51,75,46,2.5,6.36,No,Slow
31,67,65,1.9,4.98,No,Slow
45,60,42,2.0,5.29,No,Slow
84,86,92,6.1,7.75,Yes,Fast
67,86,67,2.3,6.8,No,Average
72,78,86,4.4,6.38,No,Average
68,71,75,4.4,6.62,No,Average
43,72,36,1.5,5.62,Yes,Slow
80,95,85,7.3,9.74,No,Fast
96,93,99,4.3,7.88,Yes,Fast
53,44,65,2.3,5.24,Yes,Slow
66,86,68,2.3,6.98,No,Average
77,87,86,5.9,9.66,Yes,Fast
79,96,100,4.5,7.99,Yes,Fast
71,90,85,2.5,6.81,No,Average
55,79,88,4.3,7.55,Yes,Average
48,70,30,3.0,6.24,Yes,Slow
78,85,97,4.1,9.1,Yes,Fast
52,66,32,3.4,6.11,Yes,Slow
100,89,89,4.5,9.73,Yes,Fast
57,80,79,5.0,6.64,Yes,Average
79,88,86,5.5,6.81,Yes,Average
66,81,77,3.3,7.91,No,Average
45,72,34,1.4,4.1,Yes,Slow
60,72,39,2.0,4.35,Yes,Slow
61,73,48,2.7,5.24,Yes,Slow
36,73,34,1.8,6.39,Yes,Slow
92,90,91,6.8,8.92,Yes,Fast
83,90,69,2.3,7.91,No,Average
63,43,62,3.0,4.69,Yes,Slow
75,85,90,5.7,9.71,No,Fast
100,88,97,4.9,7.56,No,Fast
84,98,94,5.4,8.1,No,Fast
90,96,93,5.5,9.14,No,Fast
53,53,63,2.9,5.46,No,Slow
69,71,85,2.9,6.26,Yes,Average
94,85,100,7.4,7.59,No,Fast
73,74,89,3.4,7.92,No,Average
59,68,54,0.6,4.63,No,Slow
82,91,94,7.8,8.75,Yes,Fast
55,72,33,2.1,5.32,No,Slow
41,74,36,2.4,5.8,No,Slow
56,77,70,2.2,7.61,Yes,Average
84,89,65,4.2,7.64,Yes,Average
73,80,84,5.2,7.62,Yes,Average
37,48,56,2.5,5.34,Yes,Slow
83,97,85,6.1,8.61,No,Fast
76,85,82,5.1,7.95,Yes,Average
48,42,34,1.2,4.76,Yes,Slow
99,89,99,5.3,8.3,No,Fast
88,99,90,6.5,9.51,Yes,Fast
90,99,100,7.6,8.49,Yes,Fast
99,100,89,4.2,9.93,Yes,Fast
79,74,67,2.3,7.52,No,Average
61,81,82,2.5,7.98,No,Average
32,56,32,2.1,6.09,Yes,Slow
64,87,87,4.2,7.23,Yes,Average
83,85,87,2.2,6.58,No,Average
74,86,68,3.8,7.06,No,Average
62,87,86,2.5,7.25,No,Average
83,86,85,2.7,7.47,Yes,Average
59,46,34,2.7,4.75,No,Slow
45,64,50,0.6,5.73,No,Slow
62,82,77,4.7,6.71,No,Average
34,75,60,2.2,5.31,Yes,Slow
77,91,87,7.7,8.82,Yes,Fast
65,72,71,2.3,6.6,Yes,Average
73,75,74,4.5,7.62,No,Average
67,80,73,5.3,7.02,No,Average
79,88,97,5.1,9.99,Yes,Fast
69,83,71,4.4,6.07,Yes,Average
68,88,73,2.1,6.07,Yes,Average
77,83,80,3.6,6.12,Yes,Average
82,71,77,3.5,6.12,No,Average
82,92,100,4.4,9.76,Yes,Fast
82,91,91,5.7,8.66,Yes,Fast
60,80,90,2.0,6.75,No,Average
98,94,96,4.8,8.95,No,Fast
92,89,99,4.5,8.25,Yes,Fast
58,89,66,4.6,8.03,Yes,Average
75,93,99,7.3,8.56,Yes,Fast
74,83,82,2.9,7.96,Yes,Average
83,85,87,2.3,8.06,No,Average
79,86,86,3.8,6.83,No,Average
90,91,97,6.0,9.64,No,Fast
64,74,48,0.6,5.58,No,Slow
86,94,92,5.8,8.22,Yes,Fast
96,92,91,5.2,8.35,Yes,Fast
62,60,48,2.2,4.66,No,Slow
80,87,93,7.7,7.5,No,Fast
34,62,45,1.3,6.0,No,Slow
82,82,69,3.1,6.24,Yes,Average
61,87,67,2.9,6.53,Yes,Average
31,57,60,1.8,5.29,No,Slow
91,97,99,4.3,8.39,Yes,Fast
86,91,89,6.9,9.64,No,Fast
74,81,89,4.0,6.89,Yes,Average
51,43,30,0.6,4.52,No,Slow
80,86,73,3.6,7.25,No,Average
73,80,79,3.6,7.85,No,Average
84,86,88,4.5,7.8,No,Fast
56,84,83,4.9,7.09,No,Average
80,82,75,4.3,6.43,Yes,Average
82,79,76,2.0,6.89,No,Average
61,79,68,3.5,6.79,No,Average
91,100,93,4.1,8.32,Yes,Fast
35,68,51,2.5,5.62,Yes,Slow
87,95,92,4.4,9.72,No,Fast
70,85,82,3.3,6.7,No,Average
87,85,91,6.0,7.69,Yes,Fast
75,76,73,4.5,6.88,No,Average
67,79,83,3.1,6.59,Yes,Average
97,85,92,8.0,8.23,Yes,Fast
44,55,67,3.1,5.83,Yes,Slow
97,85,93,6.4,9.2,Yes,Fast
76,89,71,2.4,7.57,Yes,Average
62,56,30,1.3,4.26,Yes,Slow
69,73,77,4.7,8.15,Yes,Average
78,88,70,3.8,7.96,Yes,Average
59,49,70,2.4,4.41,No,Slow
61,79,66,5.3,8.09,Yes,Average
70,84,67,2.2,7.82,No,Average
58,76,90,2.5,7.68,Yes,Average
59,43,34,3.2,4.07,No,Slow
95,87,95,7.6,7.71,Yes,Fast
99,95,91,4.1,7.88,Yes,Fast
79,93,99,6.9,9.51,Yes,Fast
83,77,74,3.1,6.71,Yes,Average
50,47,70,3.0,5.72,Yes,Slow
90,86,86,6.2,8.18,Yes,Fast
47,62,49,3.2,5.84,No,Slow
49,68,52,3.5,4.91,Yes,Slow
58,71,68,4.9,7.85,Yes,Average
75,77,86,3.7,7.0,Yes,Average
83,91,88,7.4,8.97,Yes,Fast
62,83,84,2.7,6.5,No,Average
79,80,82,3.2,6.83,Yes,Average
60,90,82,2.3,6.59,Yes,Average
92,96,85,4.2,8.17,No,Fast
57,88,69,3.6,7.56,Yes,Average
79,81,89,2.5,6.25,No,Average
35,51,57,2.5,4.99,Yes,Slow
78,89,96,5.9,9.65,Yes,Fast
56,84,69,2.6,6.34,Yes,Average
63,55,52,1.8,5.09,No,Slow
63,41,52,2.6,4.71,No,Slow
71,79,89,3.3,6.69,No,Average
73,87,80,2.4,6.99,No,Average
67,75,68,2.2,6.53,Yes,Average
77,98,94,6.2,8.83,Yes,Fast
43,40,55,1.2,6.47,No,Slow
79,80,71,4.8,8.12,Yes,Average
90,86,86,6.5,8.75,No,Fast
56,79,86,4.3,6.73,No,Average
77,88,89,2.6,7.75,No,Average
84,80,68,5.4,6.62,Yes,Average
60,73,73,2.8,7.25,No,Average
78,89,90,7.2,7.66,No,Fast
64,79,74,5.1,6.89,Yes,Average
98,85,90,6.8,8.26,No,Fast
61,64,33,1.2,4.26,No,Slow
45,74,65,2.6,4.32,No,Slow
46,58,60,0.9,5.8,No,Slow
83,76,83,2.1,6.24,Yes,Average
77,73,90,4.3,7.07,No,Average
85,93,92,5.2,8.0,Yes,Fast
83,84,89,2.0,6.0,No,Average
100,92,92,8.0,8.1,Yes,Fast
47,70,46,3.1,5.74,Yes,Slow
98,85,92,5.4,9.19,Yes,Fast
79,100,87,4.8,9.83,Yes,Fast
99,89,85,7.1,7.82,Yes,Fast
79,94,91,7.2,9.4,No,Fast
93,96,88,5.5,7.77,Yes,Fast
56,81,90,4.5,7.77,Yes,Average
44,74,55,1.5,5.38,No,Slow
58,45,53,0.5,5.13,Yes,Slow
78,100,95,6.2,9.77,Yes,Fast
56,72,82,4.5,7.45,Yes,Average
79,90,87,6.7,8.04,Yes,Fast
58,72,82,4.8,6.45,Yes,Average
37,65,46,0.8,6.45,No,Slow
48,70,41,1.9,4.05,Yes,Slow
61,76,69,4.1,7.35,Yes,Average
58,83,74,3.7,7.95,No,Average
62,58,46,0.6,5.0,Yes,Slow
72,78,83,2.1,6.72,No,Average
50,51,42,3.2,6.24,No,Slow
83,87,88,4.7,6.42,No,Average
63,72,86,5.3,6.06,Yes,Average
79,94,100,5.0,8.1,Yes,Fast
73,81,83,4.7,6.74,No,Average
72,79,90,5.5,6.06,No,Average
56,62,54,1.6,5.87,Yes,Slow
59,64,37,2.6,5.36,Yes,Slow
62,90,76,2.4,7.23,Yes,Average
72,75,85,3.5,6.95,Yes,Average
75,73,75,5.3,6.74,No,Average
77,80,77,2.6,6.4,Yes,Average
62,70,79,4.6,7.61,Yes,Average
83,96,100,5.7,7.62,Yes,Fast
83,85,90,4.8,8.37,Yes,Fast
45,45,53,2.1,4.33,No,Slow
71,90,70,4.5,8.13,No,Average
59,61,58,0.7,5.09,No,Slow
40,57,59,2.2,4.73,Yes,Slow
87,87,87,4.6,8.79,Yes,Fast
51,62,59,3.1,5.41,No,Slow
67,82,83,4.1,8.1,Yes,Average
81,88,83,4.6,7.73,No,Average
59,77,88,3.6,7.78,Yes,Average
83,79,90,5.0,6.78,Yes,Average
30,46,47,1.8,5.27,No,Slow
80,81,87,3.2,7.67,Yes,Average
59,77,80,4.0,7.64,Yes,Average
34,71,35,3.2,4.33,Yes,Slow
62,85,86,2.5,7.29,Yes,Average
56,71,43,3.4,4.48,No,Slow
62,54,70,1.3,5.36,No,Slow
61,77,65,3.1,7.73,No,Average
64,52,44,3.3,5.61,No,Slow
62,85,87,3.2,7.51,Yes,Average
81,83,85,5.5,6.96,No,Average
90,87,85,4.1,7.56,Yes,Fast
58,68,51,2.5,5.63,Yes,Slow
42,52,53,0.8,6.33,Yes,Slow
41,46,70,2.8,4.58,Yes,Slow
81,77,85,5.1,8.06,Yes,Average
55,71,85,5.5,6.31,Yes,Average
58,54,45,2.3,6.43,No,Slow
98,90,89,4.0,8.4,Yes,Fast
34,60,40,3.2,5.78,Yes,Slow
67,90,84,5.2,6.78,Yes,Average
70,90,71,4.3,7.18,No,Average
99,95,99,7.1,9.05,No,Fast
79,90,75,3.4,7.73,Yes,Average
76,96,88,4.5,9.89,No,Fast
61,89,88,4.4,7.45,Yes,Average
86,100,98,7.2,9.61,No,Fast
45,68,50,0.8,4.42,Yes,Slow
95,99,91,5.2,9.57,Yes,Fast
65,78,88,4.3,7.74,No,Average
83,94,89,6.0,8.62,No,Fast
68,78,68,3.4,6.44,No,Average
59,90,85,2.9,6.38,Yes,Average
71,87,73,4.7,6.23,No,Average
57,71,69,4.7,7.18,No,Average
40,42,53,2.7,6.27,No,Slow
55,48,30,1.6,5.64,No,Slow
54,65,39,3.1,6.2,No,Slow
52,54,39,0.7,6.19,No,Slow
82,85,87,6.3,8.08,No,Fast
30,65,44,0.8,5.61,No,Slow
76,96,87,6.0,9.09,No,Fast
76,76,86,3.5,7.48,No,Average
56,74,32,2.9,6.37,No,Slow
79,99,92,5.4,8.56,Yes,Fast
70,78,66,3.9,6.67,Yes,Average
66,81,76,4.3,6.91,Yes,Average
77,71,68,3.3,7.18,Yes,Average
73,79,67,5.1,8.14,Yes,Average
44,47,32,3.4,5.77,No,Slow
89,86,96,7.2,8.05,Yes,Fast
84,86,91,4.1,8.31,Yes,Fast
67,86,69,3.9,7.99,No,Average
57,50,46,3.1,4.84,No,Slow
62,74,65,4.1,6.94,No,Average
55,41,39,0.5,4.01,No,Slow
39,47,64,1.9,5.15,No,Slow
67,75,86,2.8,7.65,No,Average
56,84,75,4.4,7.59,No,Average
93,86,89,6.7,9.36,No,Fast
58,70,69,2.1,7.98,Yes,Average
66,90,76,4.5,6.85,No,Average
80,88,84,3.4,6.47,Yes,Average
74,82,74,2.5,6.55,Yes,Average
62,76,66,3.7,6.18,Yes,Average
89,99,91,6.4,8.21,Yes,Fast
32,51,65,2.0,4.26,No,Slow
91,87,89,6.4,7.99,Yes,Fast
79,79,70,2.7,6.72,Yes,Average
79,76,85,2.1,7.77,Yes,Average
75,80,65,4.8,6.06,Yes,Average
76,86,71,5.2,7.08,Yes,Average
83,91,100,6.8,9.93,Yes,Fast
94,98,94,5.4,9.53,Yes,Fast
75,82,79,3.5,7.04,Yes,Average
71,90,90,2.4,7.97,No,Average
69,89,88,3.1,6.3,Yes,Average
80,94,87,5.9,8.73,Yes,Fast
63,47,43,3.0,5.92,Yes,Slow
68,82,71,4.1,7.86,No,Average
61,70,85,4.5,7.67,No,Average
70,72,88,2.8,8.18,No,Average
61,62,39,3.1,5.04,No,Slow
66,75,85,4.9,6.75,No,Average
97,90,99,6.0,9.17,Yes,Fast
63,69,70,2.9,5.43,No,Slow
48,64,65,0.7,5.83,No,Slow
91,98,89,5.8,7.65,Yes,Fast
48,56,43,2.6,4.31,No,Slow
100,98,91,6.5,8.1,No,Fast
57,83,85,4.5,6.92,Yes,Average
41,68,64,1.6,5.79,No,Slow
89,89,94,7.7,7.78,Yes,Fast
55,82,77,4.9,6.97,No,Average
60,84,90,4.8,6.02,No,Average
81,84,68,3.4,6.87,No,Average
62,81,73,2.0,7.11,No,Average
42,62,41,2.1,4.91,No,Slow
68,73,83,4.6,7.17,No,Average
76,92,90,4.4,9.97,Yes,Fast
71,83,72,4.8,7.83,No,Average
79,81,83,3.6,6.24,Yes,Average
71,74,89,4.3,6.35,Yes,Average
85,98,91,4.7,8.39,Yes,Fast
37,75,35,2.7,5.67,No,Slow
99,92,96,5.5,8.66,No,Fast
67,77,83,2.9,7.72,Yes,Average
63,59,58,1.3,4.43,No,Slow
52,43,51,0.6,6.13,No,Slow
54,54,38,2.1,5.64,No,Slow
76,86,87,4.1,6.41,Yes,Average
84,86,79,4.4,6.6,Yes,Average
87,85,88,6.2,9.11,No,Fast
64,82,89,4.6,7.7,No,Average
61,51,43,2.6,6.09,No,Slow
58,86,83,3.6,7.5,Yes,Average
71,85,85,2.3,6.36,Yes,Average
44,71,44,3.2,4.63,No,Slow
34,56,49,2.1,4.4,No,Slow
42,53,48,1.9,4.13,Yes,Slow
57,75,65,2.4,7.32,No,Average
73,88,87,4.8,7.17,No,Average
70,71,70,4.0,6.81,Yes,Average
83,86,94,5.1,8.41,Yes,Fast
96,94,100,6.9,8.94,No,Fast
72,79,72,5.4,6.95,Yes,Average
78,96,90,6.7,8.49,No,Fast
44,47,43,3.0,6.49,No,Slow
52,57,52,3.3,4.55,No,Slow
61,84,80,5.0,7.11,No,Average
46,52,38,3.3,6.14,No,Slow
61,74,83,2.4,6.81,No,Average
87,96,99,7.1,9.83,Yes,Fast
34,71,64,2.9,5.89,No,Slow
47,44,50,2.9,4.95,Yes,Slow
74,79,79,4.5,6.26,Yes,Average
98,95,90,7.3,8.45,Yes,Fast
56,72,87,2.4,6.3,No,Average
82,82,69,4.8,7.08,No,Average
56,68,32,2.9,4.1,No,Slow
59,58,31,2.4,4.99,No,Slow
84,97,90,7.8,9.9,Yes,Fast
78,94,88,6.8,8.12,No,Fast
62,62,39,2.5,5.94,No,Slow
82,91,97,5.3,8.4,Yes,Fast
60,79,82,5.4,6.37,Yes,Average
76,99,89,6.0,8.52,No,Fast
58,79,74,3.7,7.8,Yes,Average
71,80,79,4.3,7.33,Yes,Average
68,71,82,5.2,8.05,Yes,Average
62,72,81,4.9,7.18,Yes,Average
46,75,34,1.3,4.08,Yes,Slow
37,42,44,2.1,5.99,Yes,Slow
71,72,73,3.5,6.25,No,Average
63,78,83,4.5,6.5,No,Average
39,64,33,3.0,4.04,No,Slow
70,75,76,2.3,7.18,No,Average
88,85,99,5.7,8.61,No,Fast
48,53,32,3.3,5.72,No,Slow
57,74,65,3.9,6.14,No,Average
60,80,88,3.2,6.99,No,Average
75,97,94,6.5,8.97,Yes,Fast
40,75,48,3.2,5.25,No,Slow
57,81,89,2.9,7.05,No,Average
82,91,94,5.8,9.49,Yes,Fast
90,95,95,5.4,9.22,Yes,Fast
82,72,85,3.8,6.52,Yes,Average
82,74,89,2.7,7.83,No,Average
80,84,79,3.1,7.78,Yes,Average
97,87,92,8.0,7.82,No,Fast
73,72,88,3.2,7.78,Yes,Average
37,44,43,3.4,4.55,No,Slow
83,99,98,4.9,9.3,No,Fast
70,85,79,3.9,8.19,Yes,Average
63,75,89,4.9,8.06,No,Average
42,53,65,2.3,5.99,No,Slow
79,87,80,4.0,8.09,No,Average
55,75,80,4.8,6.19,Yes,Average
84,90,72,5.0,6.14,Yes,Average
33,65,51,2.0,4.41,Yes,Slow
74,75,65,4.5,6.81,No,Average
87,95,85,7.2,9.87,No,Fast
47,57,45,2.3,5.54,No,Slow
92,90,90,7.8,9.61,Yes,Fast
65,77,79,3.2,7.68,No,Average
95,100,89,5.5,9.31,Yes,Fast
99,90,88,5.8,9.23,Yes,Fast
55,72,75,2.2,7.33,Yes,Average
77,85,75,3.4,6.77,Yes,Average
86,96,93,6.8,9.59,Yes,Fast
60,86,71,2.7,7.83,No,Average
64,88,66,4.8,7.77,No,Average
67,85,74,4.2,6.11,No,Average
92,99,95,5.0,9.13,Yes,Fast
81,99,95,4.0,9.97,Yes,Fast
77,94,91,4.2,9.78,No,Fast
77,87,85,3.9,7.28,Yes,Average
96,92,93,5.5,9.41,Yes,Fast
56,63,48,2.1,5.72,No,Slow
84,86,81,3.1,6.9,Yes,Average
49,75,67,1.1,4.22,No,Slow
57,79,80,3.1,6.16,No,Average
61,75,71,4.9,8.03,No,Average
81,86,89,5.4,7.71,No,Average
82,85,66,3.5,6.6,Yes,Average
59,80,80,5.5,6.65,No,Average
68,85,70,3.6,6.23,Yes,Average
43,59,70,0.5,5.41,No,Slow
81,73,86,5.1,6.32,Yes,Average
62,49,50,1.6,4.76,No,Slow
55,65,30,0.6,5.12,No,Slow
83,78,77,4.5,8.0,No,Average
55,85,72,3.6,6.27,Yes,Average
73,75,69,4.1,8.15,Yes,Average
82,87,79,2.4,7.48,No,Average
71,82,86,4.6,7.37,Yes,Average
94,88,92,4.4,9.09,Yes,Fast
60,74,69,2.6,7.28,Yes,Average
72,76,72,3.6,7.14,No,Average
43,51,67,2.1,4.45,No,Slow
67,75,76,4.1,7.2,Yes,Average
74,87,81,4.4,6.48,Yes,Average
64,85,86,3.0,6.87,Yes,Average
82,84,86,5.3,6.16,Yes,Average
56,81,69,2.3,6.79,Yes,Average
55,89,67,3.3,6.5,Yes,Average
77,93,93,6.7,7.58,Yes,Fast
92,88,91,5.4,9.47,Yes,Fast
66,74,86,2.5,6.99,No,Average
76,99,95,6.8,9.33,Yes,Fast
50,72,59,0.8,5.27,No,Slow
59,59,60,0.7,4.62,No,Slow
30,65,55,2.4,6.11,No,Slow
66,87,87,5.1,6.14,Yes,Average
84,90,99,6.9,9.36,Yes,Fast
50,60,32,1.7,4.36,Yes,Slow
78,94,92,7.2,8.78,Yes,Fast
46,49,35,1.8,5.85,No,Slow
84,91,94,5.5,7.66,Yes,Fast
83,82,68,5.2,7.7,Yes,Average
37,44,33,3.0,5.23,No,Slow
56,90,75,5.2,8.14,No,Average
75,75,88,2.6,6.42,Yes,Average
57,88,77,3.4,6.85,No,Average
73,85,68,5.1,6.85,No,Average
84,86,95,4.4,9.78,Yes,Fast
72,72,74,5.2,6.96,No,Average
60,86,66,4.3,6.29,Yes,Average
59,72,71,3.9,6.7,Yes,Average
75,77,80,5.3,6.49,No,Average
56,84,71,5.3,7.41,Yes,Average
76,78,67,2.9,6.09,Yes,Average
48,66,51,2.2,5.96,No,Slow
31,58,55,1.7,5.06,No,Slow
58,76,87,3.7,7.59,Yes,Average
47,59,32,0.6,5.13,No,Slow
57,84,90,3.3,6.6,Yes,Average
57,82,78,3.1,6.94,No,Average
62,43,30,2.7,6.02,Yes,Slow
68,89,75,4.5,8.01,Yes,Average
83,83,78,5.3,6.78,Yes,Average
100,90,90,7.4,8.55,Yes,Fast
58,74,83,2.1,6.6,No,Average
90,96,97,7.1,8.8,No,Fast
80,83,88,2.6,7.22,Yes,Average
35,75,32,0.9,6.11,No,Slow
57,85,69,4.4,7.37,No,Average
99,92,96,5.7,9.63,No,Fast
67,79,78,3.2,6.67,No,Average
100,96,88,5.4,8.35,No,Fast
75,88,87,7.9,8.11,Yes,Fast
38,48,38,2.2,4.0,No,Slow
61,54,40,3.2,6.05,No,Slow
65,89,72,2.9,7.69,Yes,Average
72,90,83,3.5,7.17,No,Average
91,91,96,4.1,9.04,No,Fast
92,93,97,6.8,7.63,No,Fast
71,73,72,4.3,7.1,Yes,Average
38,59,31,2.1,4.1,No,Slow
77,90,96,7.5,9.11,No,Fast
68,83,88,4.7,6.29,Yes,Average
87,93,91,7.2,8.14,No,Fast
62,80,88,2.9,7.82,Yes,Average
57,79,71,5.1,7.31,No,Average
45,75,58,2.4,5.88,No,Slow
70,89,90,5.1,7.18,Yes,Average
59,71,71,3.4,7.58,No,Average
77,90,77,2.2,7.96,Yes,Average
41,71,44,3.5,6.48,No,Slow
72,90,87,5.0,7.3,Yes,Average
88,93,89,7.9,9.34,No,Fast
35,60,37,0.7,4.84,No,Slow
43,72,35,2.2,6.02,No,Slow
48,52,57,1.4,4.51,No,Slow
80,71,87,2.9,6.13,No,Average
76,71,72,4.0,7.24,No,Average
74,77,77,4.5,7.96,Yes,Average
47,62,41,1.1,4.21,No,Slow
83,87,80,4.6,8.13,No,Average
68,78,68,2.1,6.91,Yes,Average
79,90,70,5.3,8.12,Yes,Average
91,100,100,6.3,8.32,Yes,Fast
46,47,63,2.3,4.66,No,Slow
62,84,77,3.5,7.91,No,Average
63,72,66,4.0,8.2,No,Average
72,73,65,4.9,8.16,Yes,Average
61,84,89,4.8,7.49,No,Average
67,83,88,5.3,7.84,Yes,Average
92,99,88,5.7,8.17,Yes,Fast
57,69,55,2.5,4.63,No,Slow
48,50,52,2.7,5.67,No,Slow
60,86,74,4.7,7.21,Yes,Average
68,90,71,4.5,6.39,Yes,Average
63,80,66,4.0,8.05,Yes,Average
60,59,63,1.9,6.08,No,Slow
46,58,49,1.6,5.66,No,Slow
88,100,99,4.9,8.23,Yes,Fast
46,74,58,1.5,6.27,No,Slow
58,87,72,3.5,7.51,Yes,Average
38,53,48,2.8,6.16,No,Slow
76,88,80,4.7,7.68,No,Average
40,47,63,2.0,5.26,No,Slow
80,75,78,3.5,6.57,No,Average
45,47,63,2.3,4.09,No,Slow
99,91,99,6.3,9.18,Yes,Fast
48,66,62,3.1,6.4,No,Slow
83,70,77,4.7,6.22,No,Average
85,85,94,4.9,9.06,No,Fast
58,77,71,3.3,7.67,No,Average
74,82,69,3.6,7.02,No,Average
73,71,80,3.2,7.81,Yes,Average
81,87,85,2.1,7.34,Yes,Average
56,82,84,2.9,7.65,No,Average
80,91,89,7.7,7.98,Yes,Fast
61,88,68,3.0,7.39,Yes,Average
69,70,80,5.2,7.23,No,Average
72,83,70,3.5,7.58,Yes,Average
82,86,71,4.3,6.36,Yes,Average
46,66,62,3.0,5.04,No,Slow
62,73,84,2.6,7.34,No,Average
94,93,88,4.8,8.06,Yes,Fast
48,74,62,1.5,5.16,Yes,Slow
71,84,78,3.7,6.56,Yes,Average
56,45,50,3.2,5.89,No,Slow
69,85,88,5.1,6.03,No,Average
36,41,67,3.0,5.61,Yes,Slow
58,78,73,3.5,6.09,No,Average
81,92,92,6.6,7.66,Yes,Fast
74,77,76,5.2,6.81,No,Average
75,87,89,3.8,7.86,No,Average
82,99,100,5.9,7.63,Yes,Fast
83,100,100,4.9,8.59,No,Fast
51,68,41,2.3,5.03,No,Slow
62,86,65,3.5,6.98,Yes,Average
35,41,38,0.6,5.28,No,Slow
85,87,86,4.3,9.22,No,Fast
86,92,100,5.8,8.68,Yes,Fast
58,77,67,3.2,7.87,Yes,Average
75,93,86,4.5,7.55,Yes,Fast
75,77,85,2.3,8.04,No,Average
57,88,82,2.9,7.15,Yes,Average
53,44,37,3.4,5.97,No,Slow
81,88,90,7.9,9.2,Yes,Fast
49,52,58,3.4,5.56,No,Slow
98,86,94,5.2,9.31,No,Fast
91,92,97,4.1,8.68,No,Fast
59,82,84,3.5,7.13,No,Average
30,74,48,2.9,4.87,Yes,Slow
73,76,76,3.9,6.74,Yes,Average
63,78,69,2.6,6.22,Yes,Average
64,87,88,3.1,6.09,No,Average
40,48,59,0.5,5.25,Yes,Slow
87,85,91,6.7,8.79,No,Fast
63,75,76,2.3,7.04,Yes,Average
80,81,74,3.6,7.71,Yes,Average
82,89,85,2.2,6.79,No,Average
67,84,90,3.6,7.82,No,Average
68,77,87,3.5,8.1,Yes,Average
66,80,75,4.3,6.7,Yes,Average
96,89,88,7.9,8.86,Yes,Fast
84,84,88,5.2,6.61,No,Average
86,86,93,6.9,9.77,Yes,Fast
91,97,96,5.2,8.24,No,Fast
43,63,62,1.9,4.48,No,Slow
100,85,96,7.1,8.11,No,Fast
42,54,47,2.2,5.78,Yes,Slow
92,86,96,4.2,9.47,No,Fast
63,81,70,3.2,7.63,Yes,Average
98,94,85,7.3,8.59,Yes,Fast
75,92,86,6.1,8.83,No,Fast
77,95,93,7.1,8.59,No,Fast
81,90,90,5.5,7.89,No,Fast
68,88,72,5.4,6.84,Yes,Average
50,67,67,1.6,6.02,No,Slow
65,70,79,3.9,6.29,Yes,Average
41,53,33,0.7,6.04,Yes,Slow
65,72,80,4.5,6.96,No,Average
82,72,85,4.9,8.15,No,Average
95,91,93,7.5,9.52,Yes,Fast
78,89,83,5.0,7.11,Yes,Average
99,92,85,6.0,9.92,Yes,Fast
51,73,47,1.7,4.67,Yes,Slow
87,92,99,4.6,8.91,Yes,Fast
76,88,88,5.2,9.56,Yes,Fast
60,84,70,4.2,6.41,Yes,Average
83,79,73,3.1,6.64,Yes,Average
78,95,88,7.4,9.59,No,Fast
51,55,40,2.4,6.47,No,Slow
70,76,68,3.5,6.76,No,Average
61,75,72,5.4,6.58,Yes,Average
54,54,47,3.5,5.5,No,Slow
60,79,77,3.6,6.32,Yes,Average
38,48,66,1.8,5.31,Yes,Slow
36,42,69,1.6,4.9,Yes,Slow
55,53,48,2.2,4.52,Yes,Slow
93,96,100,6.0,8.39,No,Fast
71,76,75,4.7,6.18,No,Average
100,94,96,7.3,9.07,Yes,Fast
57,88,84,2.0,7.32,No,Average
62,84,66,3.8,7.3,No,Average
77,86,86,2.8,7.63,Yes,Average
75,78,73,3.5,7.94,No,Average
62,64,38,2.2,5.95,No,Slow
62,78,77,3.9,7.55,No,Average
59,66,40,3.1,4.32,No,Slow
60,72,85,3.6,7.91,No,Average
70,75,82,5.0,6.12,No,Average
41,60,47,1.5,5.41,No,Slow
50,59,32,1.4,5.65,No,Slow
94,90,91,4.8,8.59,Yes,Fast
56,76,87,2.3,6.23,Yes,Average
60,70,49,3.4,4.02,Yes,Slow
83,90,93,6.1,9.26,Yes,Fast
55,52,45,3.3,4.63,No,Slow
68,75,68,2.7,7.99,Yes,Average
75,96,100,7.6,8.22,Yes,Fast
46,47,46,1.9,5.69,No,Slow
33,74,68,2.9,5.2,No,Slow
51,74,38,2.4,6.15,No,Slow
67,89,90,4.4,7.04,Yes,Average
61,48,42,2.5,4.81,Yes,Slow
83,83,78,2.1,7.91,No,Average
57,58,66,0.9,5.49,No,Slow
58,73,82,5.2,6.38,Yes,Average
81,94,100,6.5,7.56,No,Fast
92,100,90,6.9,8.02,Yes,Fast
56,84,69,4.6,6.67,Yes,Average
65,78,73,5.3,7.68,No,Average
76,70,80,3.7,7.16,Yes,Average
59,78,89,3.6,8.18,Yes,Average
82,76,79,4.9,7.97,Yes,Average
55,54,55,2.1,5.83,No,Slow
83,85,86,7.5,9.28,No,Fast
61,79,73,2.9,6.91,No,Average
36,66,46,2.7,4.45,No,Slow
79,89,72,4.0,6.63,Yes,Average
70,82,86,2.9,8.03,Yes,Average
96,98,97,4.9,9.5,Yes,Fast
75,71,78,5.3,7.78,No,Average
99,96,91,4.1,9.32,Yes,Fast
34,75,30,1.8,4.66,No,Slow
72,83,81,3.9,6.21,No,Average
78,78,82,5.3,7.98,Yes,Average
61,53,33,3.4,4.03,No,Slow
81,70,84,2.3,7.95,No,Average
75,97,92,5.5,8.81,No,Fast
54,48,63,0.6,5.89,No,Slow
71,82,75,4.7,6.32,Yes,Average
58,66,61,2.8,5.32,No,Slow
50,45,68,3.1,4.44,Yes,Slow
58,61,39,2.7,5.39,Yes,Slow
93,85,89,6.6,8.21,Yes,Fast
82,85,89,4.7,8.52,No,Fast
79,85,91,7.2,9.11,Yes,Fast
59,71,89,4.1,7.09,Yes,Average
45,51,35,3.2,5.67,Yes,Slow
57,81,66,2.7,7.11,Yes,Average
63,80,74,4.5,7.39,Yes,Average
79,89,97,7.5,9.47,No,Fast
34,40,30,1.0,5.68,Yes,Slow
69,90,80,4.9,8.08,No,Average
31,73,45,0.7,5.94,No,Slow
59,80,67,4.7,6.56,No,Average
74,80,77,4.2,7.59,No,Average
63,73,68,2.2,6.23,No,Average
63,75,73,3.8,8.03,Yes,Average
59,88,85,2.8,6.13,Yes,Average
68,83,73,4.8,7.26,Yes,Average
100,99,86,5.9,8.5,Yes,Fast
81,89,88,4.5,7.83,No,Fast
83,86,99,7.9,8.75,No,Fast
79,95,100,7.2,8.22,No,Fast
71,73,86,4.8,8.09,Yes,Average
72,86,89,3.5,6.43,No,Average
70,83,82,5.0,6.14,No,Average
57,76,74,3.0,7.63,Yes,Average
93,96,98,5.6,9.83,Yes,Fast
64,74,45,1.7,4.53,No,Slow
100,87,85,6.6,9.55,No,Fast
66,71,86,4.9,7.06,Yes,Average
79,86,82,3.7,6.28,No,Average
58,84,87,4.1,7.74,No,Average
79,89,91,4.6,8.54,Yes,Fast
84,80,72,3.5,6.65,No,Average
72,81,74,3.9,7.09,No,Average
60,54,59,2.7,5.7,Yes,Slow
64,82,82,3.5,7.84,No,Average
37,74,49,3.1,4.93,No,Slow
64,76,70,2.2,6.44,Yes,Average
77,82,78,4.2,6.71,Yes,Average
57,86,75,5.3,6.13,No,Average
49,50,57,1.6,5.37,Yes,Slow
39,50,30,3.3,5.01,No,Slow
59,71,82,5.0,6.87,Yes,Average
57,50,61,3.2,4.43,Yes,Slow
61,56,48,3.3,4.4,Yes,Slow
38,75,65,1.9,5.73,No,Slow
98,96,98,5.4,9.22,Yes,Fast
63,74,83,4.8,7.35,Yes,Average
69,78,72,4.9,8.04,No,Average
71,76,83,4.0,8.02,No,Average
84,80,75,5.3,7.91,No,Average
92,93,94,4.4,9.19,Yes,Fast
83,76,87,5.1,7.15,No,Average
60,49,52,0.6,5.76,No,Slow
44,42,31,1.9,6.11,No,Slow
55,45,30,2.6,4.01,No,Slow
66,82,86,5.3,7.39,No,Average
98,95,94,7.9,9.24,No,Fast
76,76,76,4.5,7.08,Yes,Average
34,47,58,2.8,5.35,No,Slow
34,49,62,1.8,6.34,No,Slow
96,85,85,7.0,8.18,Yes,Fast
77,84,89,2.3,6.18,No,Average
93,95,89,6.2,9.78,No,Fast
73,71,84,3.1,6.03,Yes,Average
69,82,76,4.9,6.34,Yes,Average
32,48,65,1.6,5.18,No,Slow
43,67,36,2.8,5.99,No,Slow
62,72,88,3.9,7.54,Yes,Average
98,87,98,8.0,7.68,No,Fast
82,75,67,3.1,7.39,Yes,Average
57,70,74,3.8,7.89,Yes,Average
50,52,61,2.9,6.34,Yes,Slow
95,87,87,6.6,7.55,No,Fast
96,85,98,7.6,9.63,No,Fast
74,80,70,3.1,7.24,Yes,Average
97,94,92,7.6,8.41,No,Fast
71,86,78,2.7,6.04,Yes,Average
70,81,71,2.0,7.79,No,Average
69,81,83,3.5,7.83,Yes,Average
78,99,97,4.7,9.9,Yes,Fast
62,84,67,5.2,7.68,Yes,Average
44,53,50,0.7,4.16,Yes,Slow
64,84,87,4.2,8.08,No,Average
90,94,99,6.2,8.2,No,Fast
55,53,38,2.7,5.58,No,Slow
76,77,80,2.8,7.47,No,Average
55,81,68,3.2,7.37,Yes,Average
78,84,75,4.9,7.72,No,Average
76,89,69,4.2,7.33,No,Average
90,89,95,7.7,8.14,No,Fast
52,51,63,2.6,4.69,Yes,Slow
32,56,69,0.7,6.33,Yes,Slow
37,65,57,2.0,5.03,No,Slow
91,97,100,6.5,9.49,No,Fast
65,82,79,2.7,7.02,No,Average
73,72,69,2.1,7.29,No,Average
88,97,95,7.1,9.91,No,Fast
98,85,93,7.9,9.74,Yes,Fast
99,99,85,7.8,8.41,Yes,Fast
97,98,85,5.1,8.86,Yes,Fast
76,73,77,5.1,6.45,No,Average
81,91,94,4.6,9.41,Yes,Fast
57,82,67,3.5,7.33,No,Average
80,86,87,5.0,9.24,No,Fast
76,76,82,4.2,6.97,Yes,Average
92,89,92,5.3,8.06,Yes,Fast
55,78,71,4.9,7.46,Yes,Average
43,53,31,1.1,5.81,Yes,Slow
62,79,78,5.3,6.15,No,Average
92,100,95,4.2,9.86,No,Fast
82,88,89,5.8,9.1,No,Fast
63,70,66,1.2,4.05,No,Slow
64,42,43,2.8,4.07,Yes,Slow
55,68,62,3.3,4.41,No,Slow
62,87,80,5.0,6.88,No,Average
77,100,88,7.5,8.73,Yes,Fast
33,48,66,1.0,4.98,Yes,Slow
61,88,87,4.3,6.24,No,Average
89,98,94,4.1,8.57,Yes,Fast
68,72,79,2.9,6.19,No,Average
60,90,72,2.5,8.05,Yes,Average
68,74,76,3.5,6.6,No,Average
81,81,76,2.8,6.84,No,Average
78,87,90,2.1,6.62,Yes,Average
66,73,66,3.5,6.02,Yes,Average
77,82,86,4.1,7.4,No,Average
99,87,97,5.1,8.86,No,Fast
69,77,70,5.1,6.12,No,Average
94,89,93,6.0,8.76,Yes,Fast
30,65,53,1.8,6.06,No,Slow
75,76,67,4.0,7.67,Yes,Average
62,60,35,1.3,6.08,No,Slow
47,43,49,1.6,6.02,No,Slow
70,70,79,3.8,6.94,No,Average
76,89,90,4.4,8.86,No,Fast
36,56,53,2.0,5.76,No,Slow
77,72,82,3.4,6.38,Yes,Average
94,89,98,5.7,7.75,Yes,Fast
57,73,62,2.2,4.59,No,Slow
67,78,81,3.0,7.5,No,Average
57,85,75,5.0,6.13,Yes,Average
78,78,77,3.5,6.49,No,Average
44,46,42,2.9,6.07,No,Slow
58,84,75,4.0,7.19,Yes,Average
100,88,98,5.0,9.4,No,Fast
66,87,75,4.8,7.2,No,Average
30,72,51,0.8,6.5,No,Slow
96,88,88,6.7,9.7,No,Fast
31,72,68,2.0,5.55,No,Slow
61,88,78,3.4,7.38,No,Average
45,68,65,2.6,5.77,Yes,Slow
82,86,86,6.9,9.39,Yes,Fast
74,84,81,5.4,8.14,Yes,Average
58,82,83,2.4,7.87,No,Average
36,59,55,2.7,5.13,No,Slow
70,84,84,3.6,6.93,Yes,Average
97,88,85,6.2,8.92,No,Fast
89,97,100,5.9,9.02,Yes,Fast
63,90,79,3.7,6.74,Yes,Average
66,75,74,4.8,6.01,Yes,Average
71,84,90,4.6,7.15,Yes,Average
99,91,98,4.1,7.88,No,Fast
84,89,67,3.1,6.24,Yes,Average
74,76,67,4.5,7.12,Yes,Average
67,73,72,3.8,7.04,Yes,Average
65,84,84,3.0,7.67,No,Average
38,69,45,1.1,4.32,No,Slow
59,71,68,4.5,7.74,No,Average
64,72,67,2.3,7.99,Yes,Average
96,93,90,5.4,9.46,Yes,Fast
54,71,69,0.9,6.05,Yes,Slow
55,76,74,4.0,7.67,Yes,Average
77,85,72,4.0,8.0,Yes,Average
82,75,76,3.1,7.53,Yes,Average
53,56,37,0.9,6.05,Yes,Slow
72,76,68,3.2,7.49,No,Average
56,79,77,3.3,6.16,No,Average
75,90,81,4.1,8.2,No,Average
67,81,90,3.9,7.75,Yes,Average
57,75,84,4.0,8.09,Yes,Average
91,85,95,7.5,8.08,Yes,Fast
57,71,87,2.8,6.25,No,Average
83,93,86,4.3,8.09,No,Fast
66,90,89,5.3,6.26,No,Average
53,65,45,1.3,4.71,No,Slow
49,48,58,0.6,5.16,Yes,Slow
64,90,81,2.5,8.17,Yes,Average
92,99,97,5.3,9.87,Yes,Fast
82,70,68,4.1,6.03,No,Average
97,100,97,5.5,8.51,Yes,Fast
80,90,68,2.9,6.36,No,Average
75,72,84,2.2,7.25,Yes,Average
63,70,30,2.2,4.26,No,Slow
58,90,82,4.4,6.99,Yes,Average
81,89,88,4.3,8.04,No,Average
50,40,30,1.4,4.1,Yes,Slow
30,71,61,2.6,5.84,No,Slow
69,78,82,3.8,6.73,No,Average
67,78,87,3.8,6.25,No,Average
92,92,100,5.7,9.16,Yes,Fast
89,99,95,7.8,7.52,No,Fast
84,71,72,2.8,7.91,Yes,Average
84,85,86,2.6,7.49,Yes,Average
78,86,76,4.5,7.47,No,Average
83,88,100,6.3,8.07,No,Fast
32,56,48,2.5,4.46,No,Slow
58,84,66,2.2,6.29,No,Average
78,96,91,5.5,9.17,Yes,Fast
74,88,88,2.6,6.07,No,Average
62,76,76,4.6,6.36,No,Average
70,82,85,4.0,7.7,Yes,Average
42,66,52,1.8,4.47,Yes,Slow
77,77,71,5.3,7.93,Yes,Average
61,87,82,3.6,8.02,No,Average
42,46,30,2.3,6.11,Yes,Slow
44,47,46,2.3,6.22,No,Slow
80,99,88,4.3,7.58,Yes,Fast
67,77,80,3.0,7.17,No,Average
82,84,88,4.8,7.17,No,Average
78,70,77,2.1,7.29,Yes,Average
100,88,97,7.1,9.07,No,Fast
79,72,90,3.7,7.37,Yes,Average
74,70,81,5.1,6.3,Yes,Average
83,96,88,4.0,7.5,Yes,Fast
76,85,85,7.8,8.9,Yes,Fast
46,63,54,0.7,5.25,Yes,Slow
81,97,88,4.3,8.9,Yes,Fast
64,80,77,5.4,6.21,No,Average
59,88,84,5.5,7.05,Yes,Average
47,51,40,3.1,4.51,No,Slow
52,66,41,0.6,4.61,No,Slow
71,73,77,2.4,7.92,Yes,Average
79,84,88,3.6,7.14,No,Average
80,76,80,3.5,7.7,Yes,Average
81,79,86,3.7,6.61,Yes,Average
82,89,88,7.0,9.57,Yes,Fast
58,53,51,2.1,6.48,Yes,Slow
76,83,66,4.4,7.86,No,Average
34,68,31,2.0,4.11,No,Slow
98,91,95,6.4,8.87,Yes,Fast
71,81,81,2.4,6.98,Yes,Average
85,86,93,7.5,9.06,Yes,Fast
50,41,34,1.8,5.74,Yes,Slow
50,47,56,0.8,4.27,No,Slow
58,75,73,4.5,7.7,Yes,Average
